Star Allele,Gene,SNP,Chr,GRCh37 Position,GRCh38 Position,Tier,Function,MAF EUR,MAF ALL,Nature,Type,Raw,Unimputed Modified,Unimputed Standard,1000G Modified,1000G Standard,Topmed Modified,Topmed Standard,
*2,CYP2C19,rs12769205,10,96535124,94775367,Tier 1,no function,0.14225,0.14643,substitution,biallelic,1,1,1,1,1,1,1,
*2,CYP2C19,rs4244285,10,96541616,94781859,Tier 1,no function,0.14702,0.14966,substitution,multiallelic,0,0,0,1,1,1,1,
*2,CYP2C19,rs3758581,10,-,94842866,Tier 1,no function,0.06598,0.05936,substitution,biallelic,0,0,0,0,0,1,1,
*3,CYP2C19,rs4986893,10,96540410,94780653,Tier 1,no function,0.00561,0.00722,substitution,biallelic,1,1,0,1,1,1,1,
*3,CYP2C19,rs3758581,10,-,94842866,Tier 1,no function,0.06598,0.05936,substitution,biallelic,0,0,0,0,0,1,1,
*17,CYP2C19,rs12248560,10,96521657,94761900,Tier 1,increased function,0.23135,0.22229,substitution,biallelic,1,1,1,1,1,1,1,
*17,CYP2C19,rs3758581,10,-,94842866,Tier 1,no function,0.06598,0.05936,substitution,biallelic,0,0,0,0,0,1,1,
*2,CYP2C9,rs1799853,10,96702047,94942290,Tier 1,decreased function,0.12126,0.10802,substitution,biallelic,1,1,0,1,1,1,1,
*3,CYP2C9,rs1057910,10,96741053,94981296,Tier 1,no function,0.06666,0.06389,substitution,multiallelic,1,1,1,1,1,1,1,
*5,CYP2C9,rs28371686,10,96741058,94981301,Tier 1,decreased function,0.00003,0.00024,substitution,multiallelic,1,1,0,0,0,0,0,
*8,CYP2C9,rs7900194,10,96702066,94942309,Tier 1,decreased function,0.00000,0.00001,substitution,multiallelic,0,0,0,0,0,1,1,
*11,CYP2C9,rs28371685,10,96740981,94981224,Tier 1,decreased function,0.00223,0.00289,substitution,biallelic,1,1,0,1,1,1,1,
*3,CYP2D6,rs35742686,22,42524244,42128242,Tier 1,no function,0.01361,0.01142,indel,SV,1,0,0,0,0,0,0,
*3,CYP2D6,rs1135840,22,42522613,-,Tier 1,no function,0.43263,0.42619,substitution,multiallelic,0,0,0,1,1,0,0,
*3,CYP2D6,rs16947,22,42523943,-,Tier 1,no function,0.31818,0.32159,substitution,multiallelic,0,0,0,1,1,0,0,
*4,CYP2D6,rs3892097,22,42524947,42128945,Tier 1,no function,0.19181,0.17694,substitution,biallelic,0,0,0,1,1,0,0,
*6,CYP2D6,rs5030655,22,42525086,42129084,Tier 1,no function,0.00167,0.00177,indel,SV,1,0,0,0,0,0,0,
*6,CYP2D6,rs16947,22,42523943,-,Tier 1,no function,0.31818,0.32159,substitution,multiallelic,0,0,0,1,1,0,0,
*9,CYP2D6,rs1135840,22,42522613,-,Tier 1,decreased function,0.43263,0.42619,substitution,multiallelic,0,0,0,1,1,0,0,
*9,CYP2D6,rs16947,22,42523943,-,Tier 1,decreased function,0.31818,0.32159,substitution,multiallelic,0,0,0,1,1,0,0,
*10,CYP2D6,rs1065852,22,42526694,42130692,Tier 1,decreased function,0.21839,0.21154,substitution,biallelic,0,0,0,1,1,0,0,
*10,CYP2D6,rs16947,22,42523943,-,Tier 1,decreased function,0.31818,0.32159,substitution,multiallelic,0,0,0,1,1,0,0,
*17,CYP2D6,rs28371706,22,42525772,42129770,Tier 1,decreased function,0.00226,0.01308,substitution,multiallelic,0,0,0,1,1,0,0,
*29,CYP2D6,rs59421388,22,42523610,42127608,Tier 1,decreased function,0.00049,0.00466,substitution,biallelic,0,0,0,1,1,0,0,
*29,CYP2D6,rs61736512,22,42525134,42129132,Tier 1,decreased function,0.00049,0.00327,substitution,biallelic,0,0,0,1,1,0,0,
*41,CYP2D6,rs28371725,22,42523805,42127803,Tier 1,decreased function,0.10421,0.09107,substitution,biallelic,1,1,1,1,1,0,0,
*22,CYP3A4,rs35599367,7,99366316,99768693,Tier 1,not assigned,0.04628,0.04201,substitution,biallelic,1,1,1,1,1,1,1,
*3,CYP3A5,rs776746,7,-,99672916,Tier 1,no function,0.07004,0.11263,substitution,biallelic,0,0,0,0,0,1,1,
*6,CYP3A5,rs10264272,7,99262835,99665212,Tier 1,no function,0.00110,0.00748,substitution,biallelic,1,1,0,1,1,1,1,
*6,CYP3A5,rs776746,7,99270539,-,Tier 1,no function,0.07004,0.11263,substitution,biallelic,1,1,1,1,1,0,0,
*7,CYP3A5,rs41303343,7,99250393,99652770,Tier 1,no function,0.00024,0.00474,indel,SV,1,0,0,1,1,1,1,
*7,CYP3A5,rs776746,7,99270539,-,Tier 1,no function,0.07004,0.11263,substitution,biallelic,1,1,1,1,1,0,0,
*3,NUDT15,rs116855232,13,48619855,48045719,Tier 1,no function,0.00287,0.00794,substitution,biallelic,1,1,0,1,1,1,1,
*4,CYP2C19,rs28399504,10,96522463,94762706,Tier 2,no function,0.00327,0.00312,substitution,biallelic,0,0,0,0,0,1,1,
*4,CYP2C19,rs3758581,10,-,94842866,Tier 2,no function,0.06598,0.05936,substitution,biallelic,0,0,0,0,0,1,1,
*5,CYP2C19,rs56337013,10,96612495,94852738,Tier 2,no function,0.00005,0.00004,substitution,biallelic,1,0,0,0,0,0,0,
*5,CYP2C19,rs3758581,10,-,94842866,Tier 2,no function,0.06598,0.05936,substitution,biallelic,0,0,0,0,0,1,1,
*6,CYP2C19,rs72552267,10,96535210,94775453,Tier 2,no function,0.00040,0.00038,substitution,biallelic,1,0,0,0,0,0,0,
*6,CYP2C19,rs3758581,10,-,94842866,Tier 2,no function,0.06598,0.05936,substitution,biallelic,0,0,0,0,0,1,1,
*7,CYP2C19,rs72558186,10,96541756,94781999,Tier 2,no function,0.00001,0.00001,substitution,biallelic,1,0,0,0,0,0,0,
*7,CYP2C19,rs3758581,10,-,94842866,Tier 2,no function,0.06598,0.05936,substitution,biallelic,0,0,0,0,0,1,1,
*8,CYP2C19,rs41291556,10,96535173,94775416,Tier 2,no function,0.00267,0.00249,substitution,biallelic,1,1,0,1,1,1,1,
*8,CYP2C19,rs3758581,10,-,94842866,Tier 2,no function,0.06598,0.05936,substitution,biallelic,0,0,0,0,0,1,1,
*9,CYP2C19,rs17884712,10,96535246,94775489,Tier 2,decreased function,0.00002,0.00194,substitution,biallelic,1,0,0,0,0,0,0,
*9,CYP2C19,rs3758581,10,-,94842866,Tier 2,no function,0.06598,0.05936,substitution,biallelic,0,0,0,0,0,1,1,
*10,CYP2C19,rs6413438,10,96541615,94781858,Tier 2,decreased function,0.00024,0.00041,substitution,biallelic,1,0,0,0,0,0,0,
*10,CYP2C19,rs3758581,10,-,94842866,Tier 2,no function,0.06598,0.05936,substitution,biallelic,0,0,0,0,0,1,1,
*35,CYP2C19,rs12769205,10,96535124,94775367,Tier 2,no function,0.14225,0.14643,substitution,biallelic,1,1,1,1,1,1,1,
*35,CYP2C19,rs3758581,10,-,94842866,Tier 2,no function,0.06598,0.05936,substitution,biallelic,0,0,0,0,0,1,1,
*12,CYP2C9,rs9332239,10,96748777,94989020,Tier 2,decreased function,0.00260,0.00237,substitution,biallelic,1,0,0,1,1,1,1,
*13,CYP2C9,rs72558187,10,96701715,94941958,Tier 2,no function,0.00000,0.00002,substitution,biallelic,1,0,0,0,0,0,0,
*7,CYP2D6,rs5030867,22,42523858,42127856,Tier 2,no function,0.00057,0.00059,substitution,biallelic,1,0,0,1,0,1,1,
*7,CYP2D6,rs1135840,22,42522613,-,Tier 2,no function,0.43263,0.42619,substitution,multiallelic,0,0,0,1,1,0,0,
*7,CYP2D6,rs16947,22,42523943,-,Tier 2,no function,0.31818,0.32159,substitution,multiallelic,0,0,0,1,1,0,0,
*8,CYP2D6,rs5030865,22,42525035,42129033,Tier 2,no function,0.00000,0.00004,substitution,multiallelic,1,0,0,0,0,0,0,
*12,CYP2D6,rs5030862,22,42526670,42130668,Tier 2,no function,0.00001,0.00009,substitution,biallelic,1,1,0,0,0,0,0,
*14,CYP2D6,rs5030865,22,42525035,42129033,Tier 2,decreased function,0.00000,0.00004,substitution,multiallelic,1,0,0,0,0,0,0,
*15,CYP2D6,rs1135840,22,42522613,-,Tier 2,no function,0.43263,0.42619,substitution,multiallelic,0,0,0,1,1,0,0,
*15,CYP2D6,rs16947,22,42523943,-,Tier 2,no function,0.31818,0.32159,substitution,multiallelic,0,0,0,1,1,0,0,
*31,CYP2D6,rs267608319,22,42522751,42126749,Tier 2,no function,0.00038,0.00034,substitution,biallelic,0,0,0,1,1,1,1,
*40,CYP2D6,rs28371706,22,42525772,42129770,Tier 2,no function,0.00226,0.01308,substitution,multiallelic,0,0,0,1,1,0,0,
*49,CYP2D6,rs1065852,22,42526694,42130692,Tier 2,decreased function,0.21839,0.21154,substitution,biallelic,0,0,0,1,1,0,0,
*49,CYP2D6,rs16947,22,42523943,-,Tier 2,decreased function,0.31818,0.32159,substitution,multiallelic,0,0,0,1,1,0,0,
*56,CYP2D6,rs72549347,22,42523592,42127590,Tier 2,no function,0.00006,0.00046,substitution,biallelic,1,0,0,0,0,0,0,
*59,CYP2D6,rs79292917,22,42523854,42127852,Tier 2,decreased function,0.00459,0.00428,substitution,biallelic,1,0,0,1,1,0,0,
*3,CYP4F2,rs2108622,19,15990431,15879621,Tier 2,not assigned,0.29399,0.28340,substitution,multiallelic,1,1,1,1,1,1,1,
*2,NUDT15,rs116855232,13,48619855,48045719,Tier 2,no function,0.00287,0.00794,substitution,biallelic,1,1,0,1,1,1,1,
*4,NUDT15,rs147390019,13,48619856,48045720,Tier 2,uncertain function,0.00006,0.00022,substitution,biallelic,1,1,0,1,0,1,1,
