allele,gene,rsid,chr,pos,dataset
*4,CYP2B6,rs2279343,19,41515263,Unimputed Standard
*6,CYP2B6,rs3745274,19,41512841,Unimputed Standard
*6,CYP2B6,rs2279343,19,41515263,Unimputed Standard
*7,CYP2B6,rs3745274,19,41512841,Unimputed Standard
*7,CYP2B6,rs2279343,19,41515263,Unimputed Standard
*9,CYP2B6,rs3745274,19,41512841,Unimputed Standard
*13,CYP2B6,rs3745274,19,41512841,Unimputed Standard
*13,CYP2B6,rs2279343,19,41515263,Unimputed Standard
*19,CYP2B6,rs3745274,19,41512841,Unimputed Standard
*19,CYP2B6,rs2279343,19,41515263,Unimputed Standard
*20,CYP2B6,rs3745274,19,41512841,Unimputed Standard
*20,CYP2B6,rs2279343,19,41515263,Unimputed Standard
*26,CYP2B6,rs3745274,19,41512841,Unimputed Standard
*26,CYP2B6,rs2279343,19,41515263,Unimputed Standard
*34,CYP2B6,rs3745274,19,41512841,Unimputed Standard
*34,CYP2B6,rs2279343,19,41515263,Unimputed Standard
*36,CYP2B6,rs3745274,19,41512841,Unimputed Standard
*36,CYP2B6,rs2279343,19,41515263,Unimputed Standard
*37,CYP2B6,rs3745274,19,41512841,Unimputed Standard
*37,CYP2B6,rs2279343,19,41515263,Unimputed Standard
*38,CYP2B6,rs3745274,19,41512841,Unimputed Standard
*38,CYP2B6,rs2279343,19,41515263,Unimputed Standard
*39,CYP2B6,rs2279343,19,41515263,Unimputed Standard
*39,CYP2B6,rs3745274,19,41512841,Unimputed Standard
*40,CYP2B6,rs3745274,19,41512841,Unimputed Standard
*40,CYP2B6,rs2279343,19,41515263,Unimputed Standard
*41,CYP2B6,rs3745274,19,41512841,Unimputed Standard
*41,CYP2B6,rs2279343,19,41515263,Unimputed Standard
*42,CYP2B6,rs3745274,19,41512841,Unimputed Standard
*42,CYP2B6,rs2279343,19,41515263,Unimputed Standard
*43,CYP2B6,rs3745274,19,41512841,Unimputed Standard
*43,CYP2B6,rs2279343,19,41515263,Unimputed Standard
*3,CYP4F2,rs2108622,19,15990431,Unimputed Standard
*4,CYP4F2,rs2108622,19,15990431,Unimputed Standard
*5,CYP4F2,rs3093200,19,15989589,Unimputed Standard
*6,CYP4F2,rs3093153,19,16001215,Unimputed Standard
*22,CYP3A4,rs35599367,7,99366316,Unimputed Standard
*37,CYP3A4,rs35599367,7,99366316,Unimputed Standard
*1,CYP3A5,rs776746,7,99270539,Unimputed Standard
*6,CYP3A5,rs776746,7,99270539,Unimputed Standard
*7,CYP3A5,rs776746,7,99270539,Unimputed Standard
*8,CYP3A5,rs776746,7,99270539,Unimputed Standard
*9,CYP3A5,rs776746,7,99270539,Unimputed Standard
*4,SLCO1B1,rs11045819,12,21329813,Unimputed Standard
*5,SLCO1B1,rs4149056,12,21331549,Unimputed Standard
*14,SLCO1B1,rs2306283,12,21329738,Unimputed Standard
*14,SLCO1B1,rs11045819,12,21329813,Unimputed Standard
*15,SLCO1B1,rs2306283,12,21329738,Unimputed Standard
*15,SLCO1B1,rs4149056,12,21331549,Unimputed Standard
*19,SLCO1B1,rs34671512,12,21391976,Unimputed Standard
*20,SLCO1B1,rs2306283,12,21329738,Unimputed Standard
*20,SLCO1B1,rs34671512,12,21391976,Unimputed Standard
*24,SLCO1B1,rs2306283,12,21329738,Unimputed Standard
*25,SLCO1B1,rs2306283,12,21329738,Unimputed Standard
*25,SLCO1B1,rs11045819,12,21329813,Unimputed Standard
*27,SLCO1B1,rs2306283,12,21329738,Unimputed Standard
*28,SLCO1B1,rs2306283,12,21329738,Unimputed Standard
*29,SLCO1B1,rs2306283,12,21329738,Unimputed Standard
*30,SLCO1B1,rs2306283,12,21329738,Unimputed Standard
*31,SLCO1B1,rs2306283,12,21329738,Unimputed Standard
*32,SLCO1B1,rs2306283,12,21329738,Unimputed Standard
*32,SLCO1B1,rs11045819,12,21329813,Unimputed Standard
*33,SLCO1B1,rs2306283,12,21329738,Unimputed Standard
*37,SLCO1B1,rs2306283,12,21329738,Unimputed Standard
*39,SLCO1B1,rs2306283,12,21329738,Unimputed Standard
*40,SLCO1B1,rs4149056,12,21331549,Unimputed Standard
*40,SLCO1B1,rs34671512,12,21391976,Unimputed Standard
*42,SLCO1B1,rs2306283,12,21329738,Unimputed Standard
*43,SLCO1B1,rs2306283,12,21329738,Unimputed Standard
*43,SLCO1B1,rs11045819,12,21329813,Unimputed Standard
*44,SLCO1B1,rs2306283,12,21329738,Unimputed Standard
*46,SLCO1B1,rs2306283,12,21329738,Unimputed Standard
*46,SLCO1B1,rs4149056,12,21331549,Unimputed Standard
*47,SLCO1B1,rs2306283,12,21329738,Unimputed Standard
*47,SLCO1B1,rs4149056,12,21331549,Unimputed Standard
*3,CYP2C9,rs1057910,10,96741053,Unimputed Standard
*18,CYP2C9,rs1057910,10,96741053,Unimputed Standard
*68,CYP2C9,rs1057910,10,96741053,Unimputed Standard
*2,CYP2C19,rs12769205,10,96535124,Unimputed Standard
*17,CYP2C19,rs12248560,10,96521657,Unimputed Standard
*35,CYP2C19,rs12769205,10,96535124,Unimputed Standard
*32,CYP2D6,rs28371725,22,42523805,Unimputed Standard
*33,CYP2D6,rs28371717,22,42524310,Unimputed Standard
*41,CYP2D6,rs28371725,22,42523805,Unimputed Standard
*69,CYP2D6,rs28371725,22,42523805,Unimputed Standard
*91,CYP2D6,rs28371725,22,42523805,Unimputed Standard
*119,CYP2D6,rs28371725,22,42523805,Unimputed Standard
*123,CYP2D6,rs28371725,22,42523805,Unimputed Standard
*138,CYP2D6,rs28371725,22,42523805,Unimputed Standard
*158,CYP2D6,rs28371725,22,42523805,Unimputed Standard
